{
  "metrics": [
    {
      "metric": "DataDriftTable",
      "result": {
        "number_of_columns": 4,
        "number_of_drifted_columns": 2,
        "share_of_drifted_columns": 0.5,
        "dataset_drift": true,
        "drift_by_columns": {
          "curtosis": {
            "column_name": "curtosis",
            "column_type": "num",
            "stattest_name": "Wasserstein distance (normed)",
            "stattest_threshold": 0.1,
            "drift_score": 0.12753492852745182,
            "drift_detected": true,
            "current": {
              "small_distribution": {
                "x": [
                  -1.5513033715325395,
                  -1.0675248430724467,
                  -0.5837463146123539,
                  -0.0999677861522612,
                  0.38381074230783163,
                  0.8675892707679245,
                  1.351367799228017,
                  1.8351463276881101,
                  2.318924856148203,
                  2.8027033846082956,
                  3.286481913068388
                ],
                "y": [
                  0.30066349971657347,
                  0.39837913712445994,
                  0.5487108869827467,
                  0.31569667470240215,
                  0.19543127481577274,
                  0.10523222490080077,
                  0.10523222490080067,
                  0.037582937464571683,
                  0.0375829374645717,
                  0.022549762478743022
                ]
              }
            },
            "reference": {
              "small_distribution": {
                "x": [
                  -1.545547253286087,
                  -1.0073339501348473,
                  -0.46912064698360756,
                  0.06909265616763216,
                  0.6073059593188719,
                  1.1455192624701118,
                  1.6837325656213513,
                  2.2219458687725906,
                  2.7601591719238305,
                  3.2983724750750705,
                  3.836585778226311
                ],
                "y": [
                  0.26252498508091204,
                  0.3404356258146021,
                  0.5250499701618241,
                  0.3082551437724258,
                  0.16090241021088153,
                  0.11517225151936793,
                  0.08299176947719163,
                  0.03387419162334348,
                  0.005081128743501522,
                  0.02371193413634042
                ]
              }
            }
          },
          "entropy": {
            "column_name": "entropy",
            "column_type": "num",
            "stattest_name": "Wasserstein distance (normed)",
            "stattest_threshold": 0.1,
            "drift_score": 0.04116886409686819,
            "drift_detected": false,
            "current": {
              "small_distribution": {
                "x": [
                  -3.1265096304464426,
                  -2.6404906796831953,
                  -2.1544717289199484,
                  -1.6684527781567011,
                  -1.182433827393454,
                  -0.696414876630207,
                  -0.21039592586695965,
                  0.2756230248962872,
                  0.7616419756595345,
                  1.2476609264227814,
                  1.733679877186029
                ],
                "y": [
                  0.05237356571090792,
                  0.05237356571090797,
                  0.07481937958701132,
                  0.1271929452979193,
                  0.1945303869262295,
                  0.20201232488493057,
                  0.2843136424306432,
                  0.5761092228199871,
                  0.40402464976986147,
                  0.08978325550441353
                ]
              }
            },
            "reference": {
              "small_distribution": {
                "x": [
                  -3.502703420365759,
                  -2.992730147907991,
                  -2.4827568754502236,
                  -1.9727836029924557,
                  -1.4628103305346878,
                  -0.9528370580769199,
                  -0.4428637856191524,
                  0.0671094868386155,
                  0.5770827592963834,
                  1.0870560317541513,
                  1.5970293042119192
                ],
                "y": [
                  0.021449995381890397,
                  0.032174993072835625,
                  0.046474989994095856,
                  0.08579998152756159,
                  0.1787499615157533,
                  0.1555124665187055,
                  0.26991244188878744,
                  0.5076498907047393,
                  0.5112248899350544,
                  0.1519374672883903
                ]
              }
            }
          },
          "skewness": {
            "column_name": "skewness",
            "column_type": "num",
            "stattest_name": "Wasserstein distance (normed)",
            "stattest_threshold": 0.1,
            "drift_score": 0.10937256360986515,
            "drift_detected": true,
            "current": {
              "small_distribution": {
                "x": [
                  -2.592379912371966,
                  -2.152170141702816,
                  -1.7119603710336662,
                  -1.2717506003645163,
                  -0.8315408296953661,
                  -0.391331059026216,
                  0.04887871164293367,
                  0.4890884823120838,
                  0.9292982529812339,
                  1.369508023650384,
                  1.809717794319534
                ],
                "y": [
                  0.04956314755353256,
                  0.04130262296127715,
                  0.1569499672528532,
                  0.16521049184510853,
                  0.19825259021413025,
                  0.4212867542050272,
                  0.4378078033895377,
                  0.3056394099134508,
                  0.35520255746698337,
                  0.14042891806834235
                ]
              }
            },
            "reference": {
              "small_distribution": {
                "x": [
                  -2.675251510562731,
                  -2.2197355500179525,
                  -1.7642195894731736,
                  -1.308703628928395,
                  -0.8531876683836164,
                  -0.39767170783883765,
                  0.057844252705940846,
                  0.5133602132507198,
                  0.9688761737954983,
                  1.4243921343402768,
                  1.879908094885056
                ],
                "y": [
                  0.04802872033736929,
                  0.0660394904638827,
                  0.16609932450006878,
                  0.21212684815671426,
                  0.17810650458441102,
                  0.4382620730784948,
                  0.3842297626989539,
                  0.25014958509046503,
                  0.33019745231941383,
                  0.12207299752414677
                ]
              }
            }
          },
          "variance": {
            "column_name": "variance",
            "column_type": "num",
            "stattest_name": "Wasserstein distance (normed)",
            "stattest_threshold": 0.1,
            "drift_score": 0.07284399170467229,
            "drift_detected": false,
            "current": {
              "small_distribution": {
                "x": [
                  -2.52886247029976,
                  -2.0823029430841,
                  -1.6357434158684399,
                  -1.1891838886527797,
                  -0.7426243614371195,
                  -0.29606483422145935,
                  0.15049469299420082,
                  0.597054220209861,
                  1.0436137474255212,
                  1.4901732746411813,
                  1.936732801856841
                ],